Date,Title,Type,Tags,Message,User
2026-06-20,New onboarding doc available for Q3 hires,Resource,onboarding, HR, documentation,Please review the updated onboarding checklist in Notion — it now includes the new security training module. Let me know if anything looks off.,U01A2BC3DEF
2026-06-20,Should we switch CI pipeline to GitHub Actions?,Question,CI/CD, GitHub Actions, DevOps,Anyone have strong opinions on migrating from Jenkins to GitHub Actions? We're paying a lot for the Jenkins server and maintenance is painful.,U02B3CD4EFG
2026-06-21,Decision: use Postgres for new analytics service,Decision,database, Postgres, architecture,After comparing options we've decided to go with Postgres + TimescaleDB for the analytics pipeline. RDS m5.large in us-east-1. Docs will be updated.,U03C4DE5FGH
2026-06-21,Idea: weekly async video standup to replace Monday call,Idea,standup, async, team culture,What if we recorded a 2-min Loom each Friday instead of the Monday sync? Everyone post their clip in #standup by EOD Friday.,U04D5EF6GHI
2026-06-22,Incident post-mortem: 2026-06-18 API outage,Resource,incident, post-mortem, reliability,Post-mortem for last week's outage is in Confluence. Root cause was a misconfigured rate limiter. Action items assigned to infra team.,U05E6FG7HIJ
2026-06-22,How do we handle GDPR deletion requests in the data lake?,Question,GDPR, compliance, data lake,We got a user deletion request but our Spark pipeline doesn't have a clean way to purge records. Who owns this? Tagging @legal and @data-eng.,U01A2BC3DEF
2026-06-23,Launch readiness checklist for v2.4 release,Resource,release, checklist, v2.4,Sharing the launch checklist for v2.4 — sign-off needed from QA security and marketing before we tag. Deadline is EOD June 28.,U06F7GH8IJK
2026-06-23,Idea: automated Slack digest of starred messages to email,Idea,automation, Slack, productivity,Meta idea — we could use n8n to collect all the ⭐ messages from the week and send a digest email every Friday morning. Zero manual effort.,U02B3CD4EFG
2026-06-24,Update: staging env now mirrors prod config,Update,staging, DevOps, environment,Staging is now back in sync with prod after last week's drift. Reminder: always deploy to staging first and smoke-test before pushing to prod.,U07G8HI9JKL
2026-06-25,Decision: deprecate legacy REST endpoint in September,Decision,API, deprecation, REST,We will sunset /v1/users/search on 2026-09-30. Migration guide to /v2/search is live. Partners have been notified via email.,U03C4DE5FGH
